{"env": {"robot_type": "Panda", "object_shape": "square", "goal_pose_transformation": {"round": [0.999378, -0.0338895, 0.0087013, 0, -0.0338516, -0.999407, -0.0044605, 0, 0.00884748, 0.00416326, -0.999952, 0, 0.531914, -0.0153633, 0.117528, 1], "square": [0.998499, -0.0545453, 0.0022398, 0, -0.054511, -0.998416, -0.0132342, 0, 0.00295817, 0.0130925, -0.99991, 0, 0.531819, -0.0644305, 0.1203, 1], "triangle": [0.999781, -0.0187187, 0.00825129, 0, -0.0184618, -0.999364, -0.0301858, 0, 0.00881125, 0.0300275, -0.99951, 0, 0.535497, 0.0260179, 0.120779, 1]}, "initialization_noise": [0.0, 0.0], "pose_estimation_error": [1.0, 1.0], "hole_pose_perturbation_range": [0.0, 0.0], "hard_reset": false, "horizon": 15, "use_pd_controller": false, "controller_config": {"kp": 150, "damping_ratio": 1, "uncouple_pos_ori": false}, "eef_pos_noise": null, "eef_ori_noise": null, "friction_range": null, "joint_damping_range": null, "state_eef_base": false, "hole_pos": [0.531819, -0.0644305, 0.1203], "hole_quat": [-0.999605438408711, -0.006584348111507381, 0.0013000128470230588, 0.027274967099384755]}, "agent": {"discrete_head_size": [128, 128], "continuous_head_size": [24, 24], "nonlinearity": "tanh", "checkpoint": null, "init_std": 0.5, "learn_std": true, "action_input": false, "vf_use_state": false, "history_length": 2}, "algo": {"minibatch_size": 64, "sample_per_epoch": 2048, "lr": 0.0005, "discount": 0.99, "gae_lambda": 0.95, "lr_clip_range": 0.1, "stop_entropy_gradient": false, "entropy_method": "regularized", "policy_ent_coeff": 0.0005, "center_adv": true, "use_curriculum": false}, "checkpoint": null, "seed": 11, "name_suffix": "clr2-i0e1-newparam-entcont0-fric05", "variant": "exp/config/panda-peginhole-hybrid.json", "n_workers": 8, "training_epochs": 1005, "eval": null, "render": false, "eval_eps": 1, "init_pos_noise": 0.0, "init_ori_noise": 0.0, "est_pos_error": 1.0, "est_ori_error": 1.0, "shape": "square"}